{"cameraMode":{"drawMode":0,"name":"Shaded","section":"Shading Mode"},"sceneLighting":true,"audioPlay":false,"sceneViewState":{"showFog":true,"showMaterialUpdate":false,"showSkybox":true,"showFlares":true,"showImageEffects":true,"showParticleSystems":true},"in2DMode":false,"pivot":{"x":-147.8249053955078,"y":-31.61591339111328,"z":-26.760818481445314},"rotation":{"x":0.07275131344795227,"y":-0.7554751634597778,"z":0.08512627333402634,"w":0.6455931663513184},"size":83.70008087158203,"orthographic":false}